{
    "ID": "GS00445",
    "glycam": "DManpa1-2DManp",
    "iupac": "Man(a1-2)Man",
    "wurcs": "WURCS=2.0/2,2,1/[u1122h][a1122h-1a_1-5]/1-2/a2-b1",
    "glycoct": "RES 1b:x-dman-HEX-x:x 2b:a-dman-HEX-1:5 LIN 1:1o(2+1)2d",
    "smiles": "O1C(O)[C@@H](O[C@H]2O[C@H](CO)[C@@H](O)[C@H](O)[C@@H]2O)[C@@H](O)[C@H](O)[C@H]1CO",
    "components": "Man: 2",
    "composition": "Hex: 2",
    "components_search": {
        "Man": 2
    },
    "composition_search": {
        "Hex": 2
    },
    "mass": 342.1,
    "motifs": [],
    "termini": [
        "Man(a1-2)"
    ],
    "rot_bonds": 4,
    "hbond_donor": 8,
    "hbond_acceptor": 11,
    "glycan_type": "O",
    "glytoucan_id": "G23706QF",
    "disease": null,
    "tissue": null,
    "species": "Cryptococcus neoformans, Fusarium sp, Sporothrix schenckii, Saccharomyces cerevisiae, Aspergillus oryzae, Aspergillus awamori, Candida krusei, Leishmania donovani, Candida albicans, Cryptococcus laurentii, Aspergillus fumigatus, Citeromyces matritensis, Leishmania mexicana, Leishmania major, Nosema locustae, Homo sapiens, Schizosaccharomyces japonicus, Encephalitozoon cuniculi, Aspergillus niger, Pichia holstii, Schizosaccharomyces pombe, Escherichia coli, Mycobacterium tuberculosis",
    "genus": "Escherichia, Fusarium, Encephalitozoon, Homo, Sporothrix, Leishmania, Aspergillus, Schizosaccharomyces, Nosema, Citeromyces, Mycobacterium, Pichia, Candida, Saccharomyces, Cryptococcus",
    "family": "Unikaryonidae, Trichocomaceae, Saccharomycetaceae, Schizosaccharomycetaceae, Enterobacteriaceae, Nectriaceae, Trypanosomatidae, Mycobacteriaceae, Ophiostomataceae, Hominidae, Nosematidae, Tremellaceae",
    "order": "Hypocreales, Schizosaccharomycetales, Ophiostomatales, Saccharomycetales, Primates, Dissociodihaplophasida, Glugeida, Enterobacterales, Eurotiales, Corynebacteriales, Tremellales, Trypanosomatida",
    "class": "Sordariomycetes, Gammaproteobacteria, Kinetoplastida, Schizosaccharomycetes, Saccharomycetes, Mammalia, Dihaplophasea, Microsporidia, Eurotiomycetes, Tremellomycetes, Actinomycetia",
    "phylum": "Ascomycota, Euglenozoa, Microspora, Chordata, Basidiomycota, Proteobacteria, Actinobacteria",
    "kingdom": "Fungi, Animalia, Bacteria, Excavata",
    "domain": "Bacteria, Eukarya",
    "clusters": {
        "Cluster 0": 35.55,
        "Cluster 1": 32.53,
        "Cluster 2": 17.08,
        "Cluster 3": 14.84
    },
    "length": "1.5",
    "package": "AMBER",
    "forcefield": "GLYCAM_06j",
    "temperature": "300.0",
    "pressure": "1.0",
    "salt": "200"
}